[
  {
    "inputs": [
      {
        "internalType": "address",
        "name": "_initialFeeRecipient",
        "type": "address"
      },
      {
        "internalType": "address",
        "name": "_oracleUpdater",
        "type": "address"
      },
      {
        "internalType": "address",
        "name": "_referral",
        "type": "address"
      }
    ],
    "stateMutability": "nonpayable",
    "type": "constructor"
  },
  {
    "anonymous": false,
    "inputs": [
      {
        "indexed": false,
        "internalType": "string",
        "name": "setting",
        "type": "string"
      },
      {
        "indexed": false,
        "internalType": "uint256",
        "name": "oldValue",
        "type": "uint256"
      },
      {
        "indexed": false,
        "internalType": "uint256",
        "name": "newValue",
        "type": "uint256"
      }
    ],
    "name": "ContractSettingUpdated",
    "type": "event"
  },
  {
    "anonymous": false,
    "inputs": [
      {
        "indexed": false,
        "internalType": "address",
        "name": "oldRecipient",
        "type": "address"
      },
      {
        "indexed": false,
        "internalType": "address",
        "name": "newRecipient",
        "type": "address"
      }
    ],
    "name": "FeeRecipientChanged",
    "type": "event"
  },
  {
    "anonymous": false,
    "inputs": [
      {
        "indexed": false,
        "internalType": "bool",
        "name": "enabled",
        "type": "bool"
      }
    ],
    "name": "ManualResolutionToggled",
    "type": "event"
  },
  {
    "anonymous": false,
    "inputs": [
      {
        "indexed": true,
        "internalType": "uint256",
        "name": "marketId",
        "type": "uint256"
      },
      {
        "indexed": false,
        "internalType": "string",
        "name": "question",
        "type": "string"
      },
      {
        "indexed": false,
        "internalType": "string",
        "name": "optionA",
        "type": "string"
      },
      {
        "indexed": false,
        "internalType": "string",
        "name": "optionB",
        "type": "string"
      },
      {
        "indexed": false,
        "internalType": "string",
        "name": "category",
        "type": "string"
      },
      {
        "indexed": false,
        "internalType": "string",
        "name": "logoUrlA",
        "type": "string"
      },
      {
        "indexed": false,
        "internalType": "string",
        "name": "logoUrlB",
        "type": "string"
      },
      {
        "indexed": false,
        "internalType": "uint256",
        "name": "endTime",
        "type": "uint256"
      },
      {
        "indexed": false,
        "internalType": "uint256",
        "name": "oracleMatchId",
        "type": "uint256"
      }
    ],
    "name": "MarketCreated",
    "type": "event"
  },
  {
    "anonymous": false,
    "inputs": [
      {
        "indexed": true,
        "internalType": "uint256",
        "name": "marketId",
        "type": "uint256"
      },
      {
        "indexed": false,
        "internalType": "string",
        "name": "reason",
        "type": "string"
      },
      {
        "indexed": false,
        "internalType": "address",
        "name": "resolvedBy",
        "type": "address"
      }
    ],
    "name": "MarketRefunded",
    "type": "event"
  },
  {
    "anonymous": false,
    "inputs": [
      {
        "indexed": true,
        "internalType": "uint256",
        "name": "marketId",
        "type": "uint256"
      },
      {
        "indexed": false,
        "internalType": "enum PogPredict.MarketOutcome",
        "name": "outcome",
        "type": "uint8"
      },
      {
        "indexed": false,
        "internalType": "enum PogPredict.ResolutionSource",
        "name": "source",
        "type": "uint8"
      },
      {
        "indexed": false,
        "internalType": "string",
        "name": "details",
        "type": "string"
      },
      {
        "indexed": false,
        "internalType": "address",
        "name": "resolvedBy",
        "type": "address"
      }
    ],
    "name": "MarketResolved",
    "type": "event"
  },
  {
    "anonymous": false,
    "inputs": [
      {
        "indexed": true,
        "internalType": "address",
        "name": "user",
        "type": "address"
      },
      {
        "indexed": true,
        "internalType": "uint256",
        "name": "marketId",
        "type": "uint256"
      },
      {
        "indexed": false,
        "internalType": "bool",
        "name": "isOptionA",
        "type": "bool"
      },
      {
        "indexed": false,
        "internalType": "uint256",
        "name": "amount",
        "type": "uint256"
      },
      {
        "indexed": false,
        "internalType": "uint256",
        "name": "timestamp",
        "type": "uint256"
      }
    ],
    "name": "OptionBought",
    "type": "event"
  },
  {
    "anonymous": false,
    "inputs": [
      {
        "indexed": true,
        "internalType": "address",
        "name": "user",
        "type": "address"
      },
      {
        "indexed": true,
        "internalType": "uint256",
        "name": "marketId",
        "type": "uint256"
      },
      {
        "indexed": false,
        "internalType": "bool",
        "name": "isOptionA",
        "type": "bool"
      },
      {
        "indexed": false,
        "internalType": "uint256",
        "name": "amount",
        "type": "uint256"
      },
      {
        "indexed": false,
        "internalType": "uint256",
        "name": "payout",
        "type": "uint256"
      },
      {
        "indexed": false,
        "internalType": "uint256",
        "name": "timestamp",
        "type": "uint256"
      }
    ],
    "name": "OptionSold",
    "type": "event"
  },
  {
    "anonymous": false,
    "inputs": [
      {
        "indexed": false,
        "internalType": "address",
        "name": "oldUpdater",
        "type": "address"
      },
      {
        "indexed": false,
        "internalType": "address",
        "name": "newUpdater",
        "type": "address"
      }
    ],
    "name": "OracleUpdaterChanged",
    "type": "event"
  },
  {
    "anonymous": false,
    "inputs": [
      {
        "indexed": true,
        "internalType": "address",
        "name": "previousOwner",
        "type": "address"
      },
      {
        "indexed": true,
        "internalType": "address",
        "name": "newOwner",
        "type": "address"
      }
    ],
    "name": "OwnershipTransferStarted",
    "type": "event"
  },
  {
    "anonymous": false,
    "inputs": [
      {
        "indexed": true,
        "internalType": "address",
        "name": "previousOwner",
        "type": "address"
      },
      {
        "indexed": true,
        "internalType": "address",
        "name": "newOwner",
        "type": "address"
      }
    ],
    "name": "OwnershipTransferred",
    "type": "event"
  },
  {
    "anonymous": false,
    "inputs": [
      {
        "indexed": false,
        "internalType": "address",
        "name": "account",
        "type": "address"
      }
    ],
    "name": "Paused",
    "type": "event"
  },
  {
    "anonymous": false,
    "inputs": [
      {
        "indexed": true,
        "internalType": "address",
        "name": "user",
        "type": "address"
      },
      {
        "indexed": true,
        "internalType": "uint256",
        "name": "marketId",
        "type": "uint256"
      },
      {
        "indexed": false,
        "internalType": "uint256",
        "name": "amount",
        "type": "uint256"
      }
    ],
    "name": "PositionLost",
    "type": "event"
  },
  {
    "anonymous": false,
    "inputs": [
      {
        "indexed": true,
        "internalType": "address",
        "name": "user",
        "type": "address"
      },
      {
        "indexed": true,
        "internalType": "uint256",
        "name": "marketId",
        "type": "uint256"
      },
      {
        "indexed": false,
        "internalType": "uint256",
        "name": "amount",
        "type": "uint256"
      }
    ],
    "name": "PositionWon",
    "type": "event"
  },
  {
    "anonymous": false,
    "inputs": [
      {
        "indexed": true,
        "internalType": "address",
        "name": "user",
        "type": "address"
      },
      {
        "indexed": true,
        "internalType": "address",
        "name": "referrer",
        "type": "address"
      },
      {
        "indexed": false,
        "internalType": "uint256",
        "name": "amount",
        "type": "uint256"
      },
      {
        "indexed": false,
        "internalType": "uint256",
        "name": "marketId",
        "type": "uint256"
      }
    ],
    "name": "ReferralFeeDistributed",
    "type": "event"
  },
  {
    "anonymous": false,
    "inputs": [
      {
        "indexed": true,
        "internalType": "uint256",
        "name": "marketId",
        "type": "uint256"
      },
      {
        "indexed": true,
        "internalType": "address",
        "name": "user",
        "type": "address"
      },
      {
        "indexed": false,
        "internalType": "uint256",
        "name": "amount",
        "type": "uint256"
      }
    ],
    "name": "RefundClaimed",
    "type": "event"
  },
  {
    "anonymous": false,
    "inputs": [
      {
        "indexed": false,
        "internalType": "address",
        "name": "account",
        "type": "address"
      }
    ],
    "name": "Unpaused",
    "type": "event"
  },
  {
    "anonymous": false,
    "inputs": [
      {
        "indexed": true,
        "internalType": "address",
        "name": "user",
        "type": "address"
      },
      {
        "indexed": true,
        "internalType": "uint256",
        "name": "marketId",
        "type": "uint256"
      },
      {
        "indexed": false,
        "internalType": "uint256",
        "name": "amount",
        "type": "uint256"
      }
    ],
    "name": "UserLost",
    "type": "event"
  },
  {
    "anonymous": false,
    "inputs": [
      {
        "indexed": true,
        "internalType": "address",
        "name": "user",
        "type": "address"
      },
      {
        "indexed": true,
        "internalType": "uint256",
        "name": "marketId",
        "type": "uint256"
      },
      {
        "indexed": false,
        "internalType": "uint256",
        "name": "amount",
        "type": "uint256"
      }
    ],
    "name": "UserWon",
    "type": "event"
  },
  {
    "anonymous": false,
    "inputs": [
      {
        "indexed": true,
        "internalType": "address",
        "name": "user",
        "type": "address"
      },
      {
        "indexed": true,
        "internalType": "uint256",
        "name": "marketId",
        "type": "uint256"
      },
      {
        "indexed": false,
        "internalType": "uint256",
        "name": "payout",
        "type": "uint256"
      },
      {
        "indexed": false,
        "internalType": "uint256",
        "name": "timestamp",
        "type": "uint256"
      }
    ],
    "name": "WinningsClaimed",
    "type": "event"
  },
  {
    "inputs": [],
    "name": "acceptOwnership",
    "outputs": [],
    "stateMutability": "nonpayable",
    "type": "function"
  },
  {
    "inputs": [
      {
        "internalType": "uint256",
        "name": "_marketId",
        "type": "uint256"
      },
      {
        "internalType": "bool",
        "name": "_isOptionA",
        "type": "bool"
      }
    ],
    "name": "buyOption",
    "outputs": [],
    "stateMutability": "payable",
    "type": "function"
  },
  {
    "inputs": [
      {
        "internalType": "uint256",
        "name": "_marketId",
        "type": "uint256"
      }
    ],
    "name": "claimRefund",
    "outputs": [],
    "stateMutability": "nonpayable",
    "type": "function"
  },
  {
    "inputs": [
      {
        "internalType": "uint256",
        "name": "_marketId",
        "type": "uint256"
      }
    ],
    "name": "claimWinnings",
    "outputs": [],
    "stateMutability": "nonpayable",
    "type": "function"
  },
  {
    "inputs": [
      {
        "internalType": "string",
        "name": "_question",
        "type": "string"
      },
      {
        "internalType": "string",
        "name": "_optionA",
        "type": "string"
      },
      {
        "internalType": "string",
        "name": "_optionB",
        "type": "string"
      },
      {
        "internalType": "string",
        "name": "_category",
        "type": "string"
      },
      {
        "internalType": "uint256",
        "name": "_duration",
        "type": "uint256"
      },
      {
        "internalType": "string",
        "name": "_logoUrlA",
        "type": "string"
      },
      {
        "internalType": "string",
        "name": "_logoUrlB",
        "type": "string"
      },
      {
        "internalType": "uint256",
        "name": "_oracleMatchId",
        "type": "uint256"
      }
    ],
    "name": "createMarket",
    "outputs": [
      {
        "internalType": "uint256",
        "name": "",
        "type": "uint256"
      }
    ],
    "stateMutability": "payable",
    "type": "function"
  },
  {
    "inputs": [],
    "name": "cs2Oracle",
    "outputs": [
      {
        "internalType": "contract ICS2Oracle",
        "name": "",
        "type": "address"
      }
    ],
    "stateMutability": "view",
    "type": "function"
  },
  {
    "inputs": [
      {
        "internalType": "uint256",
        "name": "_marketId",
        "type": "uint256"
      },
      {
        "internalType": "string",
        "name": "_reason",
        "type": "string"
      },
      {
        "internalType": "bool",
        "name": "withRefund",
        "type": "bool"
      }
    ],
    "name": "endMarket",
    "outputs": [],
    "stateMutability": "nonpayable",
    "type": "function"
  },
  {
    "inputs": [],
    "name": "feeRecipient",
    "outputs": [
      {
        "internalType": "address",
        "name": "",
        "type": "address"
      }
    ],
    "stateMutability": "view",
    "type": "function"
  },
  {
    "inputs": [
      {
        "internalType": "uint256",
        "name": "_marketId",
        "type": "uint256"
      }
    ],
    "name": "getMarketInfo",
    "outputs": [
      {
        "internalType": "string",
        "name": "question",
        "type": "string"
      },
      {
        "internalType": "string",
        "name": "optionA",
        "type": "string"
      },
      {
        "internalType": "string",
        "name": "optionB",
        "type": "string"
      },
      {
        "internalType": "string",
        "name": "category",
        "type": "string"
      },
      {
        "internalType": "string",
        "name": "logoUrlA",
        "type": "string"
      },
      {
        "internalType": "string",
        "name": "logoUrlB",
        "type": "string"
      },
      {
        "internalType": "uint256",
        "name": "endTime",
        "type": "uint256"
      },
      {
        "internalType": "enum PogPredict.MarketOutcome",
        "name": "outcome",
        "type": "uint8"
      },
      {
        "internalType": "enum PogPredict.MarketStatus",
        "name": "status",
        "type": "uint8"
      },
      {
        "internalType": "bool",
        "name": "resolved",
        "type": "bool"
      },
      {
        "internalType": "uint256",
        "name": "totalOptionA",
        "type": "uint256"
      },
      {
        "internalType": "uint256",
        "name": "totalOptionB",
        "type": "uint256"
      }
    ],
    "stateMutability": "view",
    "type": "function"
  },
  {
    "inputs": [
      {
        "internalType": "uint256",
        "name": "_marketId",
        "type": "uint256"
      },
      {
        "internalType": "uint256",
        "name": "_ethIn",
        "type": "uint256"
      },
      {
        "internalType": "bool",
        "name": "isOptionA",
        "type": "bool"
      }
    ],
    "name": "getPriceImpact",
    "outputs": [
      {
        "internalType": "uint256",
        "name": "",
        "type": "uint256"
      }
    ],
    "stateMutability": "view",
    "type": "function"
  },
  {
    "inputs": [
      {
        "internalType": "uint256",
        "name": "_marketId",
        "type": "uint256"
      },
      {
        "internalType": "address",
        "name": "_user",
        "type": "address"
      }
    ],
    "name": "getUserBalances",
    "outputs": [
      {
        "internalType": "uint256",
        "name": "optionA",
        "type": "uint256"
      },
      {
        "internalType": "uint256",
        "name": "optionB",
        "type": "uint256"
      }
    ],
    "stateMutability": "view",
    "type": "function"
  },
  {
    "inputs": [
      {
        "internalType": "uint256",
        "name": "",
        "type": "uint256"
      },
      {
        "internalType": "address",
        "name": "",
        "type": "address"
      }
    ],
    "name": "hasClaimed",
    "outputs": [
      {
        "internalType": "bool",
        "name": "",
        "type": "bool"
      }
    ],
    "stateMutability": "view",
    "type": "function"
  },
  {
    "inputs": [
      {
        "internalType": "uint256",
        "name": "",
        "type": "uint256"
      },
      {
        "internalType": "address",
        "name": "",
        "type": "address"
      }
    ],
    "name": "hasUserParticipated",
    "outputs": [
      {
        "internalType": "bool",
        "name": "",
        "type": "bool"
      }
    ],
    "stateMutability": "view",
    "type": "function"
  },
  {
    "inputs": [],
    "name": "manualResolutionEnabled",
    "outputs": [
      {
        "internalType": "bool",
        "name": "",
        "type": "bool"
      }
    ],
    "stateMutability": "view",
    "type": "function"
  },
  {
    "inputs": [],
    "name": "marketCount",
    "outputs": [
      {
        "internalType": "uint256",
        "name": "",
        "type": "uint256"
      }
    ],
    "stateMutability": "view",
    "type": "function"
  },
  {
    "inputs": [],
    "name": "marketCreationFee",
    "outputs": [
      {
        "internalType": "uint256",
        "name": "",
        "type": "uint256"
      }
    ],
    "stateMutability": "view",
    "type": "function"
  },
  {
    "inputs": [
      {
        "internalType": "uint256",
        "name": "",
        "type": "uint256"
      }
    ],
    "name": "markets",
    "outputs": [
      {
        "internalType": "string",
        "name": "question",
        "type": "string"
      },
      {
        "internalType": "string",
        "name": "optionA",
        "type": "string"
      },
      {
        "internalType": "string",
        "name": "optionB",
        "type": "string"
      },
      {
        "internalType": "string",
        "name": "category",
        "type": "string"
      },
      {
        "internalType": "string",
        "name": "logoUrlA",
        "type": "string"
      },
      {
        "internalType": "string",
        "name": "logoUrlB",
        "type": "string"
      },
      {
        "internalType": "uint256",
        "name": "endTime",
        "type": "uint256"
      },
      {
        "internalType": "enum PogPredict.MarketOutcome",
        "name": "outcome",
        "type": "uint8"
      },
      {
        "internalType": "enum PogPredict.MarketStatus",
        "name": "status",
        "type": "uint8"
      },
      {
        "internalType": "bool",
        "name": "resolved",
        "type": "bool"
      },
      {
        "internalType": "enum PogPredict.ResolutionSource",
        "name": "resolutionSource",
        "type": "uint8"
      },
      {
        "internalType": "uint256",
        "name": "oracleMatchId",
        "type": "uint256"
      },
      {
        "internalType": "uint256",
        "name": "totalOptionA",
        "type": "uint256"
      },
      {
        "internalType": "uint256",
        "name": "totalOptionB",
        "type": "uint256"
      },
      {
        "internalType": "string",
        "name": "resolutionDetails",
        "type": "string"
      },
      {
        "internalType": "uint256",
        "name": "resolutionTimestamp",
        "type": "uint256"
      },
      {
        "internalType": "address",
        "name": "resolvedBy",
        "type": "address"
      }
    ],
    "stateMutability": "view",
    "type": "function"
  },
  {
    "inputs": [],
    "name": "maxPosition",
    "outputs": [
      {
        "internalType": "uint256",
        "name": "",
        "type": "uint256"
      }
    ],
    "stateMutability": "view",
    "type": "function"
  },
  {
    "inputs": [],
    "name": "minInitialPool",
    "outputs": [
      {
        "internalType": "uint256",
        "name": "",
        "type": "uint256"
      }
    ],
    "stateMutability": "view",
    "type": "function"
  },
  {
    "inputs": [],
    "name": "minPosition",
    "outputs": [
      {
        "internalType": "uint256",
        "name": "",
        "type": "uint256"
      }
    ],
    "stateMutability": "view",
    "type": "function"
  },
  {
    "inputs": [
      {
        "internalType": "uint256",
        "name": "",
        "type": "uint256"
      },
      {
        "internalType": "address",
        "name": "",
        "type": "address"
      }
    ],
    "name": "optionABalance",
    "outputs": [
      {
        "internalType": "uint256",
        "name": "",
        "type": "uint256"
      }
    ],
    "stateMutability": "view",
    "type": "function"
  },
  {
    "inputs": [
      {
        "internalType": "uint256",
        "name": "",
        "type": "uint256"
      },
      {
        "internalType": "address",
        "name": "",
        "type": "address"
      }
    ],
    "name": "optionBBalance",
    "outputs": [
      {
        "internalType": "uint256",
        "name": "",
        "type": "uint256"
      }
    ],
    "stateMutability": "view",
    "type": "function"
  },
  {
    "inputs": [],
    "name": "oracleUpdater",
    "outputs": [
      {
        "internalType": "address",
        "name": "",
        "type": "address"
      }
    ],
    "stateMutability": "view",
    "type": "function"
  },
  {
    "inputs": [],
    "name": "owner",
    "outputs": [
      {
        "internalType": "address",
        "name": "",
        "type": "address"
      }
    ],
    "stateMutability": "view",
    "type": "function"
  },
  {
    "inputs": [],
    "name": "pause",
    "outputs": [],
    "stateMutability": "nonpayable",
    "type": "function"
  },
  {
    "inputs": [],
    "name": "paused",
    "outputs": [
      {
        "internalType": "bool",
        "name": "",
        "type": "bool"
      }
    ],
    "stateMutability": "view",
    "type": "function"
  },
  {
    "inputs": [],
    "name": "pendingOwner",
    "outputs": [
      {
        "internalType": "address",
        "name": "",
        "type": "address"
      }
    ],
    "stateMutability": "view",
    "type": "function"
  },
  {
    "inputs": [],
    "name": "referral",
    "outputs": [
      {
        "internalType": "contract Referral",
        "name": "",
        "type": "address"
      }
    ],
    "stateMutability": "view",
    "type": "function"
  },
  {
    "inputs": [],
    "name": "refundWindow",
    "outputs": [
      {
        "internalType": "uint256",
        "name": "",
        "type": "uint256"
      }
    ],
    "stateMutability": "view",
    "type": "function"
  },
  {
    "inputs": [],
    "name": "renounceOwnership",
    "outputs": [],
    "stateMutability": "nonpayable",
    "type": "function"
  },
  {
    "inputs": [
      {
        "internalType": "uint256",
        "name": "_marketId",
        "type": "uint256"
      }
    ],
    "name": "resolveMarketFromOracle",
    "outputs": [],
    "stateMutability": "nonpayable",
    "type": "function"
  },
  {
    "inputs": [
      {
        "internalType": "uint256",
        "name": "_marketId",
        "type": "uint256"
      },
      {
        "internalType": "enum PogPredict.MarketOutcome",
        "name": "_outcome",
        "type": "uint8"
      },
      {
        "internalType": "string",
        "name": "_details",
        "type": "string"
      }
    ],
    "name": "resolveMarketManually",
    "outputs": [],
    "stateMutability": "nonpayable",
    "type": "function"
  },
  {
    "inputs": [],
    "name": "sellFee",
    "outputs": [
      {
        "internalType": "uint256",
        "name": "",
        "type": "uint256"
      }
    ],
    "stateMutability": "view",
    "type": "function"
  },
  {
    "inputs": [
      {
        "internalType": "uint256",
        "name": "_marketId",
        "type": "uint256"
      },
      {
        "internalType": "bool",
        "name": "_isOptionA",
        "type": "bool"
      },
      {
        "internalType": "uint256",
        "name": "_amount",
        "type": "uint256"
      }
    ],
    "name": "sellOption",
    "outputs": [],
    "stateMutability": "nonpayable",
    "type": "function"
  },
  {
    "inputs": [
      {
        "internalType": "address",
        "name": "_newRecipient",
        "type": "address"
      }
    ],
    "name": "setFeeRecipient",
    "outputs": [],
    "stateMutability": "nonpayable",
    "type": "function"
  },
  {
    "inputs": [
      {
        "internalType": "uint256",
        "name": "_fee",
        "type": "uint256"
      }
    ],
    "name": "setMarketCreationFee",
    "outputs": [],
    "stateMutability": "nonpayable",
    "type": "function"
  },
  {
    "inputs": [
      {
        "internalType": "uint256",
        "name": "_maxPosition",
        "type": "uint256"
      }
    ],
    "name": "setMaxPosition",
    "outputs": [],
    "stateMutability": "nonpayable",
    "type": "function"
  },
  {
    "inputs": [
      {
        "internalType": "uint256",
        "name": "_minInitialPool",
        "type": "uint256"
      }
    ],
    "name": "setMinInitialPool",
    "outputs": [],
    "stateMutability": "nonpayable",
    "type": "function"
  },
  {
    "inputs": [
      {
        "internalType": "uint256",
        "name": "_minPosition",
        "type": "uint256"
      }
    ],
    "name": "setMinPosition",
    "outputs": [],
    "stateMutability": "nonpayable",
    "type": "function"
  },
  {
    "inputs": [
      {
        "internalType": "address",
        "name": "_oracle",
        "type": "address"
      },
      {
        "internalType": "address",
        "name": "_oracleUpdater",
        "type": "address"
      }
    ],
    "name": "setOracle",
    "outputs": [],
    "stateMutability": "nonpayable",
    "type": "function"
  },
  {
    "inputs": [
      {
        "internalType": "address",
        "name": "_newReferral",
        "type": "address"
      }
    ],
    "name": "setReferralContract",
    "outputs": [],
    "stateMutability": "nonpayable",
    "type": "function"
  },
  {
    "inputs": [
      {
        "internalType": "uint256",
        "name": "_window",
        "type": "uint256"
      }
    ],
    "name": "setRefundWindow",
    "outputs": [],
    "stateMutability": "nonpayable",
    "type": "function"
  },
  {
    "inputs": [
      {
        "internalType": "uint256",
        "name": "_fee",
        "type": "uint256"
      }
    ],
    "name": "setSellFee",
    "outputs": [],
    "stateMutability": "nonpayable",
    "type": "function"
  },
  {
    "inputs": [
      {
        "internalType": "uint256",
        "name": "_fee",
        "type": "uint256"
      }
    ],
    "name": "setWinningFee",
    "outputs": [],
    "stateMutability": "nonpayable",
    "type": "function"
  },
  {
    "inputs": [],
    "name": "toggleManualResolution",
    "outputs": [],
    "stateMutability": "nonpayable",
    "type": "function"
  },
  {
    "inputs": [
      {
        "internalType": "address",
        "name": "newOwner",
        "type": "address"
      }
    ],
    "name": "transferOwnership",
    "outputs": [],
    "stateMutability": "nonpayable",
    "type": "function"
  },
  {
    "inputs": [],
    "name": "unpause",
    "outputs": [],
    "stateMutability": "nonpayable",
    "type": "function"
  },
  {
    "inputs": [
      {
        "internalType": "uint256",
        "name": "_oracleMatchId",
        "type": "uint256"
      }
    ],
    "name": "validateOracleMatch",
    "outputs": [
      {
        "internalType": "bool",
        "name": "valid",
        "type": "bool"
      },
      {
        "internalType": "string",
        "name": "reason",
        "type": "string"
      }
    ],
    "stateMutability": "view",
    "type": "function"
  },
  {
    "inputs": [],
    "name": "winningFee",
    "outputs": [
      {
        "internalType": "uint256",
        "name": "",
        "type": "uint256"
      }
    ],
    "stateMutability": "view",
    "type": "function"
  },
  {
    "inputs": [
      {
        "internalType": "uint256",
        "name": "_marketId",
        "type": "uint256"
      }
    ],
    "name": "withdrawMarketFunds",
    "outputs": [],
    "stateMutability": "nonpayable",
    "type": "function"
  }
]